fips_num,fips_str,incidents,killed,injured
26163,26163,1931,686,1073
2090,2090,243,37,35
12091,12091,200,31,70
12081,12081,294,79,131
17201,17201,837,80,392
12127,12127,462,92,204
53033,53033,1170,247,519
39049,39049,1329,429,887
4013,4013,1522,720,733
36047,36047,1381,364,960
2170,2170,167,30,29
12095,12095,1390,417,849
21145,21145,97,5,21
39035,39035,2020,506,1242
17031,17031,11749,2334,11183
18003,18003,588,138,320
36029,36029,1035,170,585
12086,12086,1366,512,946
24510,24510,3755,992,2311
17113,17113,61,5,21
1087,1087,27,18,12
1073,1073,1429,534,856
1101,1101,493,174,322
48339,48339,131,44,28
48375,48375,255,29,94
48029,48029,1596,498,1000
18089,18089,796,257,479
28085,28085,31,28,20
48113,48113,1220,557,599
5119,5119,1075,219,634
6037,6037,3271,1722,1661
49053,49053,36,5,7
48471,48471,35,6,17
18097,18097,1878,592,1116
39095,39095,810,99,602
45019,45019,743,196,340
37119,37119,1286,258,800
22079,22079,114,30,38
37159,37159,226,47,101
29095,29095,1119,425,743
8041,8041,807,134,306
37183,37183,459,115,234
47113,47113,345,47,154
28121,28121,75,19,23
13215,13215,800,102,381
42003,42003,1356,381,870
12011,12011,776,270,361
45029,45029,80,22,72
12103,12103,384,146,178
37071,37071,144,42,49
22015,22015,107,24,45
37157,37157,75,18,49
47065,47065,735,129,562
25017,25017,379,33,94
42101,42101,2851,851,2261
41051,41051,922,103,312
24033,24033,444,263,184
42049,42049,189,36,89
17097,17097,145,39,60
36067,36067,669,78,393
25013,25013,1010,67,316
36081,36081,524,146,293
36085,36085,407,43,145
2020,2020,479,105,189
27047,27047,63,2,5
1047,1047,140,47,107
53063,53063,431,58,103
47187,47187,34,8,8
31055,31055,904,136,520
40143,40143,1262,248,557
42037,42037,21,3,15
53053,53053,421,125,156
51047,51047,15,12,5
21111,21111,1336,372,740
12031,12031,2274,400,1097
25025,25025,1801,175,610
17197,17197,296,76,107
48201,48201,2981,1325,1515
48005,48005,79,14,20
51550,51550,132,39,82
42133,42133,335,78,173
48441,48441,132,22,48
45045,45045,395,112,172
20161,20161,47,5,19
54055,54055,85,17,33
45067,45067,53,16,32
34005,34005,210,36,77
34013,34013,895,372,444
36005,36005,821,218,576
21047,21047,136,17,29
54039,54039,408,61,182
22017,22017,826,143,541
22071,22071,3005,664,1858
6029,6029,769,222,356
6007,6007,203,27,81
6019,6019,1158,208,593
29189,29189,773,286,353
37127,37127,93,20,56
6071,6071,762,310,314
22033,22033,896,359,462
36119,36119,173,45,95
36007,36007,98,10,23
36083,36083,113,6,43
13245,13245,378,87,188
12057,12057,824,212,363
6059,6059,519,175,291
55059,55059,64,21,37
12101,12101,129,37,52
45003,45003,447,59,151
8001,8001,209,80,96
20091,20091,120,33,42
36061,36061,493,93,331
34003,34003,151,32,25
54081,54081,109,19,48
47093,47093,401,96,246
51173,51173,10,4,4
6103,6103,191,22,28
28049,28049,846,251,542
45033,45033,57,25,41
47165,47165,66,19,15
26049,26049,686,161,395
6073,6073,665,241,278
37147,37147,352,30,160
55025,55025,680,38,143
55079,55079,2542,480,1560
40109,40109,882,257,448
12099,12099,1299,325,636
12111,12111,342,57,118
42029,42029,48,25,22
38105,38105,55,4,11
19153,19153,545,58,241
17163,17163,352,135,120
34017,34017,690,77,344
26005,26005,21,10,5
36059,36059,276,46,95
48277,48277,87,12,14
55105,55105,143,20,50
33011,33011,365,25,77
13051,13051,761,159,514
29201,29201,42,12,21
47157,47157,2430,616,1686
9001,9001,1036,83,448
18091,18091,59,11,25
27123,27123,400,80,163
9003,9003,813,110,342
34011,34011,251,42,119
24003,24003,440,56,116
48479,48479,165,24,43
1055,1055,75,21,35
42125,42125,95,32,28
6077,6077,606,173,251
26125,26125,495,88,204
28081,28081,104,28,48
39061,39061,1364,315,937
27019,27019,13,4,4
36111,36111,121,9,17
55007,55007,2,4,0
37015,37015,12,4,7
15003,15003,120,22,50
51690,51690,14,3,8
48439,48439,968,349,378
1077,1077,55,13,36
39113,39113,1189,176,570
48141,48141,222,66,89
48215,48215,100,54,47
51095,51095,14,7,6
5031,5031,265,32,73
38015,38015,93,8,16
48341,48341,2,1,2
32003,32003,1423,622,739
45035,45035,169,50,59
11001,11001,3098,433,1379
5111,5111,22,4,10
1089,1089,591,97,301
23011,23011,144,18,21
47189,47189,67,11,24
42089,42089,99,22,31
54091,54091,11,4,3
39107,39107,12,2,2
29097,29097,121,31,26
45087,45087,50,7,19
45007,45007,244,77,138
37105,37105,52,17,28
22051,22051,616,138,342
37107,37107,187,26,106
51087,51087,265,56,98
12009,12009,317,80,152
42043,42043,436,79,198
19041,19041,8,1,2
39151,39151,276,67,96
12035,12035,112,18,25
51153,51153,165,23,85
6053,6053,495,148,203
36055,36055,778,105,545
6107,6107,240,87,111
8031,8031,603,163,284
48041,48041,137,23,37
47129,47129,12,5,6
26009,26009,6,3,1
6001,6001,1784,384,909
12113,12113,65,23,18
45043,45043,58,11,24
48453,48453,536,133,188
35001,35001,741,232,291
21015,21015,41,11,12
47079,47079,23,7,8
29510,29510,2105,768,1592
15001,15001,121,23,21
45091,45091,447,45,128
9009,9009,807,97,363
54049,54049,43,13,12
44007,44007,777,50,325
27137,27137,91,7,27
23021,23021,7,2,5
25027,25027,543,22,169
47021,47021,10,4,4
51041,51041,191,34,72
27109,27109,181,7,29
29047,29047,106,36,66
33015,33015,191,20,16
6085,6085,341,138,125
31109,31109,459,23,79
23019,23019,72,10,17
37129,37129,449,53,194
6067,6067,631,261,377
17143,17143,893,36,284
34025,34025,139,31,64
51710,51710,589,140,459
12105,12105,221,87,96
45053,45053,82,31,33
37191,37191,270,57,114
19113,19113,253,27,85
6111,6111,379,57,152
28067,28067,67,12,23
28061,28061,8,5,4
28075,28075,354,51,178
46099,46099,250,14,31
38071,38071,7,0,1
47037,47037,1484,297,893
28089,28089,55,23,30
5093,5093,111,25,61
26081,26081,405,56,233
1035,1035,4,1,0
48213,48213,30,12,15
26145,26145,247,55,166
12083,12083,398,84,157
1031,1031,33,10,19
12015,12015,58,14,10
5131,5131,102,25,31
48355,48355,586,83,188
13063,13063,412,93,72
51700,51700,510,97,333
34021,34021,769,93,481
55035,55035,43,9,6
44009,44009,28,0,1
29051,29051,101,12,33
26073,26073,22,4,3
45079,45079,649,147,387
54011,54011,210,26,114
18163,18163,327,39,122
12071,12071,691,136,299
8123,8123,103,27,35
26021,26021,72,32,33
8077,8077,230,21,29
41033,41033,66,19,29
37051,37051,427,140,249
1009,1009,21,14,10
17111,17111,42,9,19
36093,36093,117,21,43
37063,37063,504,125,376
48157,48157,154,93,59
37155,37155,187,112,100
37133,37133,115,37,45
1053,1053,28,15,9
51620,51620,15,1,7
42011,42011,95,49,54
48245,48245,192,72,92
55085,55085,7,1,3
21067,21067,832,78,389
49035,49035,633,127,263
32031,32031,319,86,129
34039,34039,235,56,121
48485,48485,82,20,22
2122,2122,78,15,11
25021,25021,161,12,32
39007,39007,70,13,13
47001,47001,48,10,12
19193,19193,85,8,32
10001,10001,352,33,115
16055,16055,62,15,7
20103,20103,53,6,20
13121,13121,1208,405,728
42055,42055,65,11,14
21137,21137,12,1,3
20173,20173,791,128,338
32510,32510,27,6,7
40037,40037,29,14,11
12087,12087,88,12,14
1069,1069,88,25,50
18157,18157,158,13,37
51760,51760,846,210,615
39099,39099,312,57,102
47123,47123,7,2,5
51013,51013,69,11,6
39133,39133,41,16,11
13219,13219,50,5,5
19163,19163,290,25,90
42045,42045,298,101,203
36027,36027,188,17,50
21181,21181,1,0,1
1125,1125,249,46,167
6013,6013,543,189,284
6023,6023,348,38,66
1123,1123,40,15,16
34031,34031,613,78,308
45083,45083,359,63,161
45051,45051,660,115,275
26017,26017,67,10,15
12063,12063,71,16,13
47005,47005,6,3,0
6009,6009,17,7,1
39085,39085,44,12,15
36065,36065,217,16,67
42071,42071,385,49,114
21197,21197,5,2,2
38101,38101,94,2,31
25023,25023,536,21,122
29113,29113,24,2,5
27099,27099,48,1,8
24025,24025,71,31,34
5105,5105,7,5,1
54005,54005,12,3,5
18137,18137,8,2,3
29031,29031,152,24,58
51107,51107,73,16,15
48303,48303,308,51,150
16027,16027,91,22,19
42129,42129,145,32,53
54101,54101,5,1,1
45063,45063,176,60,69
36015,36015,74,10,27
10003,10003,1162,164,685
1117,1117,55,13,20
36069,36069,33,3,10
36105,36105,50,5,9
36103,36103,369,62,193
42015,42015,20,2,3
40119,40119,28,9,13
39143,39143,30,13,9
39119,39119,30,7,20
12109,12109,107,28,37
25005,25005,488,37,114
12033,12033,254,60,111
37021,37021,191,39,81
34007,34007,360,138,109
47163,47163,106,18,36
19169,19169,21,5,10
41025,41025,4,1,2
37049,37049,109,21,51
37017,37017,49,12,21
41029,41029,212,22,29
28035,28035,147,33,72
1097,1097,702,226,370
1103,1103,124,35,56
4015,4015,83,32,38
37083,37083,90,26,62
20055,20055,9,3,2
51650,51650,337,59,232
18039,18039,118,33,68
42075,42075,94,15,28
41043,41043,110,8,16
35017,35017,15,8,8
27027,27027,32,1,8
24009,24009,15,2,3
45041,45041,191,44,109
37081,37081,636,149,378
45075,45075,289,42,122
37065,37065,81,22,47
29185,29185,1,2,0
18035,18035,90,17,46
2110,2110,94,5,6
22103,22103,135,28,47
22069,22069,58,10,25
26077,26077,189,32,86
26161,26161,244,32,79
28047,28047,282,63,110
53005,53005,83,20,12
38089,38089,49,5,18
45015,45015,163,37,75
13073,13073,53,15,14
37027,37027,24,9,7
4019,4019,351,161,156
12001,12001,228,28,67
17019,17019,345,33,114
53061,53061,239,47,103
36091,36091,38,4,6
12053,12053,94,29,25
12117,12117,195,46,93
36001,36001,247,25,116
36063,36063,260,20,86
24019,24019,13,3,5
6065,6065,787,268,333
19013,19013,499,19,107
53011,53011,221,41,64
34015,34015,96,14,22
42041,42041,119,4,22
42069,42069,78,9,15
21227,21227,91,13,41
37001,37001,209,22,87
40031,40031,125,28,73
20177,20177,359,70,165
27003,27003,69,16,20
42051,42051,85,27,40
39001,39001,2,9,0
5095,5095,8,5,4
9011,9011,157,11,34
54033,54033,58,15,15
13059,13059,372,20,73
18167,18167,69,16,32
5143,5143,96,12,43
37057,37057,101,26,46
42095,42095,164,23,46
47167,47167,24,5,8
12019,12019,66,21,32
56025,56025,322,14,12
28003,28003,39,16,26
17109,17109,3,0,0
27035,27035,45,1,4
13021,13021,494,82,331
18141,18141,361,81,209
27053,27053,765,152,451
48121,48121,89,35,37
51540,51540,57,12,14
1081,1081,130,56,54
41017,41017,39,10,10
13151,13151,44,27,23
6061,6061,60,18,22
5069,5069,152,70,80
6099,6099,258,75,144
25003,25003,184,10,33
19065,19065,17,6,3
12037,12037,13,3,5
5091,5091,46,22,28
6095,6095,192,78,120
6079,6079,26,7,10
36013,36013,112,13,22
1049,1049,40,11,18
36107,36107,8,2,1
34035,34035,60,7,25
36071,36071,206,32,75
28051,28051,29,17,8
25009,25009,482,52,102
23025,23025,177,7,3
55067,55067,2,1,2
18127,18127,72,12,12
39031,39031,8,0,7
20169,20169,91,8,20
51083,51083,15,5,12
1095,1095,51,13,21
17089,17089,256,43,120
12069,12069,218,48,75
28001,28001,68,23,39
6055,6055,25,13,8
18019,18019,63,6,23
28087,28087,103,24,52
26131,26131,3,0,2
13115,13115,268,24,48
18177,18177,93,13,36
39043,39043,70,7,33
51810,51810,276,61,175
36115,36115,22,0,4
19057,19057,66,16,22
42091,42091,120,49,60
18043,18043,27,6,10
16069,16069,19,3,6
35049,35049,159,15,18
20021,20021,8,3,1
17075,17075,7,4,3
17091,17091,200,24,76
47107,47107,49,18,18
20057,20057,6,6,2
54087,54087,8,3,2
6081,6081,128,29,53
26075,26075,137,20,64
42079,42079,380,43,125
13211,13211,4,4,2
29225,29225,6,8,4
21101,21101,70,9,22
45013,45013,467,44,137
37089,37089,51,5,24
26065,26065,183,36,107
47009,47009,54,8,11
48381,48381,63,10,20
37135,37135,45,8,20
29019,29019,512,34,138
21073,21073,52,10,16
22085,22085,12,5,3
51590,51590,134,34,82
13039,13039,7,1,4
33007,33007,11,4,3
28093,28093,31,22,11
29187,29187,14,2,7
28103,28103,14,7,11
28161,28161,5,2,3
28057,28057,7,3,3
5051,5051,107,40,69
39017,39017,220,67,85
9013,9013,38,1,9
37019,37019,71,12,21
51059,51059,122,35,49
29027,29027,46,4,11
13077,13077,54,12,25
23005,23005,120,16,25
8059,8059,114,30,42
46093,46093,10,2,4
13223,13223,34,26,6
48013,48013,18,7,4
48187,48187,23,12,6
40013,40013,13,1,4
1043,1043,32,11,10
22117,22117,38,11,13
47019,47019,30,6,17
51143,51143,28,6,15
48451,48451,73,20,25
12073,12073,254,64,124
17179,17179,38,12,9
26051,26051,5,2,1
55027,55027,26,4,7
55045,55045,12,2,2
18107,18107,10,1,2
36077,36077,21,5,2
51680,51680,90,18,47
17043,17043,91,23,24
41045,41045,17,6,8
1121,1121,39,21,10
31087,31087,2,3,0
55141,55141,62,6,7
17161,17161,63,13,28
13089,13089,532,262,318
27039,27039,3,3,0
16005,16005,45,10,14
42001,42001,26,10,8
12115,12115,164,44,48
17119,17119,183,31,55
21113,21113,26,5,9
46079,46079,2,1,1
28097,28097,5,7,2
29021,29021,71,17,30
39165,39165,49,12,15
48071,48071,9,5,4
5145,5145,32,16,12
19061,19061,59,3,23
29071,29071,49,16,16
54037,54037,9,8,3
47177,47177,5,4,1
51830,51830,11,0,2
35013,35013,109,35,41
13071,13071,140,35,58
48183,48183,176,59,65
6097,6097,118,22,44
48459,48459,13,6,4
35043,35043,36,17,13
41059,41059,27,12,9
55031,55031,17,2,5
22045,22045,91,22,59
47125,47125,176,50,87
31001,31001,8,2,1
51770,51770,211,39,151
22005,22005,56,20,21
27013,27013,15,8,8
48401,48401,17,8,5
16001,16001,147,31,26
6075,6075,378,134,266
17095,17095,16,5,8
28111,28111,6,1,2
39023,39023,182,33,95
23031,23031,111,20,15
48061,48061,56,17,21
22019,22019,141,42,69
6031,6031,55,17,22
42005,42005,15,4,5
21195,21195,28,11,20
47053,47053,65,12,34
8101,8101,359,45,86
17141,17141,7,0,2
48407,48407,8,3,3
13087,13087,21,7,10
18081,18081,76,13,23
47179,47179,112,25,26
1109,1109,36,9,24
35005,35005,92,28,23
37163,37163,30,13,21
41039,41039,147,38,40
22057,22057,81,20,28
37047,37047,110,27,57
48027,48027,376,112,131
37139,37139,57,10,37
8069,8069,96,35,34
40017,40017,29,6,14
23001,23001,49,1,10
37067,37067,331,80,178
24005,24005,317,101,209
37079,37079,11,6,5
37151,37151,73,14,34
32023,32023,24,2,6
39141,39141,35,4,8
5007,5007,71,7,15
55073,55073,63,15,13
47017,47017,9,4,3
49049,49049,92,34,21
13135,13135,215,112,106
29099,29099,64,23,18
21217,21217,16,3,8
21051,21051,19,8,11
31141,31141,15,3,1
56005,56005,13,5,2
48167,48167,140,59,49
24021,24021,81,10,28
47073,47073,33,8,13
22031,22031,13,2,5
39037,39037,39,0,14
20061,20061,26,12,7
48291,48291,27,11,12
26115,26115,34,7,15
2130,2130,16,4,0
30029,30029,58,8,17
39153,39153,437,118,217
35009,35009,35,6,13
12093,12093,41,4,15
50023,50023,66,12,4
18067,18067,47,11,18
47149,47149,226,31,86
51800,51800,77,12,56
12089,12089,38,16,11
47033,47033,12,3,10
36003,36003,13,2,2
48135,48135,95,31,36
36101,36101,23,0,3
17199,17199,47,10,12
18005,18005,44,13,10
34027,34027,48,14,12
21221,21221,12,4,5
48491,48491,96,27,24
17183,17183,104,25,62
51191,51191,29,17,13
13295,13295,22,10,6
53025,53025,69,11,25
55101,55101,226,20,62
24043,24043,82,16,25
39093,39093,249,44,104
29077,29077,360,72,121
39155,39155,162,41,78
40001,40001,7,5,0
47059,47059,81,15,15
16011,16011,18,3,3
5115,5115,26,13,8
36009,36009,27,3,6
12055,12055,37,8,23
45047,45047,47,12,29
41005,41005,117,33,38
1019,1019,14,12,5
51161,51161,22,7,10
51015,51015,24,11,7
40047,40047,60,6,18
12021,12021,163,32,31
42073,42073,59,24,25
13185,13185,165,22,75
35015,35015,91,13,25
48367,48367,24,13,7
48357,48357,1,0,1
42063,42063,35,12,12
28109,28109,20,11,5
20037,20037,23,2,8
12061,12061,121,22,37
12107,12107,80,26,30
36049,36049,9,1,1
35031,35031,12,8,2
31153,31153,29,9,6
5135,5135,15,3,5
45057,45057,95,35,40
51730,51730,99,40,69
47119,47119,40,8,18
36087,36087,45,9,7
4003,4003,47,12,18
51740,51740,261,53,199
21121,21121,17,9,9
29059,29059,6,4,1
34001,34001,386,56,180
23015,23015,47,10,7
35045,35045,63,19,25
12065,12065,3,2,1
8005,8005,220,89,81
25001,25001,125,6,21
24017,24017,56,19,22
30063,30063,70,16,9
22061,22061,22,10,14
49045,49045,13,5,5
5125,5125,66,6,14
36073,36073,15,2,2
54107,54107,32,14,12
22089,22089,25,9,8
47075,47075,45,6,27
39045,39045,70,13,16
12097,12097,97,37,38
53035,53035,42,12,19
41023,41023,7,1,1
36089,36089,47,1,4
40089,40089,10,7,3
12005,12005,198,39,59
29217,29217,16,6,2
37077,37077,14,6,6
39103,39103,24,9,7
21235,21235,28,14,12
29007,29007,23,2,8
24031,24031,96,45,49
26025,26025,195,17,80
51630,51630,29,7,7
49057,49057,78,25,28
53065,53065,11,4,4
36079,36079,18,4,1
26035,26035,15,3,6
47147,47147,52,11,34
54029,54029,9,3,4
16083,16083,27,10,7
37085,37085,54,26,39
21189,21189,5,4,3
28073,28073,30,10,11
38035,38035,36,7,8
55099,55099,1,0,1
48423,48423,147,34,53
55131,55131,28,3,3
26089,26089,9,1,0
13299,13299,9,9,6
28149,28149,75,19,52
37033,37033,10,6,5
23003,23003,28,5,4
35061,35061,27,14,11
21107,21107,40,9,12
50007,50007,95,8,15
39137,39137,2,1,1
26147,26147,25,4,10
18059,18059,17,3,3
41067,41067,120,33,30
40081,40081,9,2,8
28095,28095,53,12,26
37097,37097,101,20,47
18049,18049,6,1,2
48253,48253,7,6,1
21151,21151,52,15,18
51009,51009,18,4,7
18057,18057,33,8,9
1005,1005,21,7,14
48309,48309,112,48,67
40127,40127,3,2,1
47069,47069,21,6,11
40113,40113,35,12,13
33017,33017,141,12,13
5005,5005,38,8,7
18133,18133,9,1,2
18047,18047,8,3,3
1003,1003,86,27,22
29155,29155,12,7,11
17115,17115,132,22,69
1105,1105,9,3,3
16077,16077,4,1,1
28059,28059,131,34,72
20079,20079,11,12,19
30111,30111,146,23,32
37165,37165,44,13,28
4021,4021,68,40,30
51101,51101,2,2,1
45073,45073,40,11,18
12085,12085,76,9,26
46083,46083,19,5,5
42077,42077,240,51,115
22001,22001,64,25,34
53051,53051,2,0,1
20035,20035,16,7,8
48347,48347,29,13,9
39013,39013,20,9,11
49011,49011,34,16,9
45049,45049,27,9,15
39009,39009,12,3,4
47097,47097,5,3,5
17001,17001,65,6,17
40131,40131,51,13,15
2188,2188,14,5,0
45077,45077,55,29,21
37171,37171,27,13,11
40009,40009,7,4,1
2070,2070,18,5,2
24045,24045,57,15,22
55089,55089,7,1,2
37103,37103,2,0,2
1065,1065,9,8,2
18063,18063,29,10,11
21065,21065,9,6,6
22115,22115,14,7,3
40123,40123,20,7,8
48287,48287,3,1,1
51197,51197,12,2,5
30049,30049,63,10,3
39057,39057,69,11,22
46121,46121,9,3,3
32019,32019,21,8,14
16019,16019,63,7,7
5063,5063,15,3,7
37137,37137,17,7,7
18079,18079,8,0,3
22127,22127,3,2,0
18121,18121,3,0,1
28065,28065,14,12,10
29165,29165,99,16,15
40091,40091,10,4,6
48465,48465,25,8,4
18011,18011,12,9,5
40099,40099,8,3,5
39041,39041,15,7,5
1015,1015,94,57,50
36113,36113,38,4,7
21239,21239,9,1,3
22073,22073,182,58,85
36117,36117,18,1,4
37101,37101,45,23,30
36075,36075,21,2,2
13285,13285,229,22,93
54083,54083,28,6,8
47057,47057,7,3,6
28045,28045,38,9,14
42109,42109,6,1,1
37177,37177,5,1,3
1051,1051,43,16,21
33001,33001,49,4,8
29213,29213,18,7,4
29093,29093,2,2,1
48073,48073,15,6,5
5075,5075,11,2,1
45085,45085,93,31,34
12023,12023,56,14,29
36011,36011,25,3,4
55133,55133,56,13,18
51149,51149,23,6,9
27139,27139,13,2,5
18159,18159,1,0,1
6039,6039,51,19,28
26133,26133,5,2,4
20015,20015,12,5,7
5023,5023,12,4,2
20209,20209,223,132,126
17151,17151,1,1,1
53077,53077,181,64,98
27111,27111,19,5,5
39089,39089,50,18,19
41047,41047,161,39,53
2100,2100,4,1,2
34029,34029,88,18,30
17157,17157,4,3,0
48053,48053,19,4,4
6083,6083,99,42,40
44005,44005,16,6,4
24027,24027,49,22,18
22055,22055,271,75,141
28113,28113,44,22,28
37125,37125,47,12,30
45069,45069,49,11,38
53015,53015,48,13,17
28007,28007,22,8,17
37045,37045,63,21,41
34023,34023,111,24,55
42021,42021,74,29,29
40019,40019,45,8,25
40101,40101,65,16,28
48077,48077,3,2,0
47011,47011,49,20,13
47115,47115,13,8,3
6093,6093,13,8,3
38017,38017,107,11,13
55081,55081,11,4,4
29055,29055,5,3,1
20113,20113,8,3,3
36057,36057,12,2,2
40125,40125,26,9,13
5033,5033,22,10,5
13139,13139,72,17,30
38007,38007,1,1,0
45089,45089,29,12,8
2240,2240,19,1,5
33005,33005,47,4,3
21117,21117,62,26,40
21183,21183,16,2,5
17077,17077,95,6,31
8037,8037,17,5,4
36017,36017,12,3,4
54025,54025,22,5,13
13159,13159,3,2,0
12129,12129,10,3,2
30093,30093,73,11,14
45055,45055,43,10,13
37013,37013,30,9,16
39003,39003,30,8,20
17167,17167,306,38,107
21119,21119,9,6,2
5107,5107,46,10,32
2180,2180,11,2,2
4005,4005,43,24,14
51179,51179,53,18,22
21179,21179,29,6,13
36037,36037,26,1,7
36109,36109,45,2,10
37069,37069,14,9,4
41003,41003,29,7,6
42081,42081,49,21,26
45025,45025,29,13,16
18027,18027,10,2,0
26151,26151,14,5,3
13261,13261,26,15,17
1021,1021,21,5,13
18015,18015,2,0,0
16065,16065,10,1,1
22121,22121,17,6,8
5043,5043,18,9,12
42107,42107,53,10,27
13035,13035,7,4,4
13199,13199,12,5,17
8083,8083,5,1,3
13027,13027,4,3,1
10005,10005,126,12,37
22095,22095,93,24,45
37131,37131,20,8,10
28071,28071,34,7,10
48361,48361,24,11,9
26037,26037,12,3,3
1001,1001,40,14,14
29159,29159,14,3,8
6045,6045,30,10,10
9015,9015,46,5,9
50003,50003,33,1,3
24013,24013,18,3,3
44003,44003,46,0,4
27007,27007,56,5,8
55093,55093,9,2,2
21199,21199,41,18,14
54059,54059,11,3,6
48037,48037,62,20,36
13129,13129,17,8,3
6041,6041,35,17,13
37111,37111,56,13,14
29105,29105,11,4,1
54069,54069,38,4,6
1011,1011,18,7,14
36035,36035,12,1,1
28159,28159,10,5,5
28145,28145,7,1,4
40083,40083,23,5,9
29037,29037,21,10,10
34033,34033,50,5,27
19045,19045,20,3,11
29223,29223,4,3,2
8067,8067,14,8,2
27145,27145,56,6,21
17049,17049,8,1,2
42019,42019,32,11,10
37149,37149,6,1,1
45031,45031,130,24,60
27009,27009,14,3,6
20009,20009,20,3,11
48099,48099,53,13,26
6035,6035,2,1,1
51185,51185,10,3,3
21083,21083,38,8,10
31121,31121,2,0,0
13067,13067,202,98,79
47153,47153,7,3,4
48225,48225,12,0,2
39149,39149,14,1,3
36045,36045,37,5,5
15007,15007,14,6,3
9007,9007,46,8,8
19103,19103,88,4,22
47045,47045,45,2,36
21125,21125,54,17,21
51510,51510,44,11,31
37181,37181,40,22,21
18095,18095,51,10,24
35053,35053,4,1,3
54001,54001,6,1,3
51051,51051,4,1,4
12003,12003,12,5,9
29029,29029,11,1,2
49043,49043,6,1,2
18173,18173,12,6,3
55087,55087,37,6,10
51019,51019,26,9,4
40069,40069,5,0,2
48369,48369,2,1,1
33009,33009,28,10,2
40095,40095,8,1,3
29135,29135,7,2,1
53009,53009,21,5,2
21013,21013,20,7,4
48209,48209,49,22,20
39139,39139,38,16,20
51033,51033,14,7,7
29183,29183,76,18,25
48329,48329,48,14,11
13145,13145,4,1,1
40051,40051,39,14,15
54003,54003,31,8,8
1131,1131,10,8,2
13015,13015,48,20,20
21141,21141,15,5,8
36121,36121,17,3,2
37187,37187,15,3,14
42083,42083,12,6,2
42053,42053,3,0,1
48145,48145,5,0,3
20131,20131,1,0,1
28027,28027,24,18,13
28151,28151,49,28,27
28127,28127,11,6,6
35055,35055,49,10,6
40065,40065,38,4,16
21149,21149,3,2,1
2185,2185,8,5,1
13009,13009,67,17,26
6047,6047,262,73,102
56039,56039,16,1,0
48097,48097,5,1,2
49051,49051,4,1,1
8043,8043,35,9,13
1127,1127,25,17,13
32005,32005,8,4,4
21029,21029,28,16,3
13117,13117,40,16,12
5137,5137,2,2,0
51670,51670,47,11,36
47061,47061,8,3,3
37025,37025,77,22,26
40121,40121,33,11,11
27025,27025,11,3,2
13225,13225,30,6,17
37093,37093,32,9,16
22003,22003,6,3,2
5057,5057,14,6,6
29141,29141,3,1,1
53027,53027,12,3,3
13275,13275,43,5,12
19149,19149,8,1,1
20075,20075,1,0,0
29145,29145,30,13,6
13289,13289,7,3,1
27095,27095,15,4,1
29067,29067,5,4,3
8045,8045,18,5,5
27171,27171,7,3,0
17029,17029,27,2,7
23007,23007,27,5,2
37023,37023,35,17,11
24015,24015,26,12,14
51053,51053,17,3,14
22099,22099,46,11,23
41001,41001,10,2,3
22105,22105,108,44,32
2060,2060,1,1,0
4012,4012,8,8,2
32007,32007,31,10,5
48495,48495,3,0,1
41011,41011,19,6,5
46113,46113,13,9,5
39071,39071,4,7,3
42017,42017,81,27,20
29043,29043,18,6,3
39163,39163,3,0,0
2068,2068,7,2,0
23027,23027,13,0,0
20099,20099,25,8,5
48149,48149,6,6,0
13047,13047,17,4,7
21237,21237,13,3,11
51199,51199,36,11,13
12119,12119,36,5,11
20005,20005,2,1,1
51177,51177,28,8,15
40097,40097,14,3,7
36051,36051,21,1,5
21135,21135,4,3,2
46029,46029,6,2,1
17085,17085,5,1,1
31019,31019,16,1,5
31053,31053,10,2,4
51109,51109,16,6,9
38067,38067,2,0,2
25015,25015,32,0,10
40005,40005,9,6,1
13235,13235,5,6,0
42007,42007,47,10,32
12045,12045,8,0,3
20175,20175,4,1,5
56021,56021,68,19,17
38033,38033,1,1,0
5123,5123,36,12,24
28147,28147,8,8,1
50011,50011,30,2,6
48179,48179,13,3,9
40145,40145,34,17,5
47099,47099,11,3,3
41019,41019,34,32,19
26139,26139,44,6,12
48085,48085,66,47,27
23029,23029,7,1,4
45021,45021,50,20,26
38059,38059,32,4,4
21001,21001,6,2,4
13179,13179,31,13,12
37195,37195,26,18,7
51570,51570,14,3,7
54019,54019,52,6,19
46045,46045,1,0,1
47131,47131,11,1,5
21059,21059,70,10,28
6017,6017,32,15,9
4027,4027,51,18,27
13297,13297,20,15,4
41035,41035,38,13,9
46013,46013,27,3,7
53001,53001,5,1,2
29195,29195,6,2,0
22087,22087,35,8,7
53021,53021,49,17,24
42099,42099,19,7,4
13205,13205,11,3,8
5067,5067,14,6,5
26121,26121,143,33,82
27037,27037,68,21,14
40147,40147,32,10,11
13103,13103,81,6,20
30013,30013,49,7,12
27131,27131,8,5,6
25011,25011,29,3,7
45005,45005,26,10,19
26107,26107,10,2,4
40063,40063,4,3,1
55121,55121,6,0,2
21009,21009,39,3,15
45059,45059,48,13,28
5021,5021,6,2,1
28105,28105,31,8,13
28141,28141,19,5,14
29109,29109,17,8,0
13033,13033,32,11,21
27017,27017,10,2,2
54065,54065,1,3,0
50001,50001,52,1,5
2270,2270,23,7,7
36039,36039,14,2,2
28015,28015,3,2,1
48467,48467,16,11,3
26159,26159,24,5,6
19145,19145,2,0,2
29107,29107,5,3,1
21185,21185,12,2,6
19155,19155,81,8,28
26103,26103,12,6,1
23017,23017,25,7,9
46011,46011,8,0,4
18085,18085,30,3,10
51117,51117,1,0,2
27045,27045,5,1,0
55075,55075,13,6,2
48133,48133,3,3,1
39171,39171,4,2,0
49039,49039,4,2,1
48297,48297,3,4,1
34037,34037,12,3,2
54045,54045,27,6,9
51775,51775,5,0,2
19015,19015,7,1,0
51131,51131,6,3,4
39135,39135,18,6,7
18105,18105,44,7,17
41071,41071,20,3,9
49005,49005,35,11,12
39025,39025,21,8,6
17055,17055,18,7,6
13217,13217,62,27,16
27063,27063,1,0,1
29169,29169,13,3,7
23013,23013,26,2,3
37123,37123,7,4,3
37031,37031,19,4,7
42085,42085,28,12,15
22097,22097,120,34,47
1033,1033,40,17,16
47155,47155,24,8,6
48189,48189,7,0,7
5147,5147,1,0,1
22119,22119,15,3,8
28139,28139,12,10,3
17195,17195,21,6,7
21071,21071,20,6,9
48083,48083,1,0,0
8021,8021,2,4,1
51155,51155,10,7,3
37175,37175,8,4,2
46035,46035,12,2,1
19133,19133,4,0,2
1039,1039,19,7,9
37161,37161,25,8,14
51181,51181,5,0,3
46103,46103,86,18,19
19143,19143,2,1,0
47047,47047,9,3,6
46047,46047,1,0,1
35057,35057,8,4,3
53067,53067,66,22,24
26071,26071,3,1,2
28033,28033,57,24,34
23023,23023,17,2,3
48015,48015,3,3,0
13075,13075,12,5,7
17105,17105,4,3,1
22109,22109,120,36,45
1071,1071,23,8,10
42059,42059,15,9,3
49007,49007,5,2,1
48091,48091,34,11,16
40027,40027,99,31,33
21209,21209,29,9,10
40041,40041,16,6,11
51001,51001,21,11,16
47171,47171,8,5,2
18017,18017,12,4,5
41009,41009,18,2,7
15009,15009,22,6,7
51089,51089,37,10,14
1115,1115,20,9,7
42067,42067,2,1,0
19033,19033,23,2,4
54061,54061,67,17,26
19179,19179,12,3,5
51660,51660,13,2,3
17191,17191,2,0,0
22063,22063,53,18,16
48185,48185,12,11,3
38005,38005,2,2,0
21005,21005,15,6,3
21025,21025,9,1,6
21109,21109,10,7,6
21093,21093,39,15,19
53073,53073,54,16,12
9005,9005,38,11,6
37087,37087,23,10,6
1083,1083,83,18,36
41041,41041,11,2,5
27147,27147,5,2,2
5071,5071,10,5,3
36099,36099,15,1,3
45023,45023,45,10,24
4025,4025,42,19,16
16067,16067,6,2,2
26091,26091,19,7,7
5009,5009,11,9,1
13023,13023,2,2,0
35006,35006,9,5,1
12133,12133,26,2,9
26099,26099,185,42,69
30031,30031,37,8,6
24001,24001,26,4,11
48409,48409,31,8,6
4017,4017,17,12,8
13153,13153,106,27,46
21021,21021,16,1,6
29083,29083,5,6,4
17081,17081,39,3,8
19111,19111,13,5,6
18147,18147,3,2,0
55071,55071,17,1,3
5139,5139,22,16,7
40021,40021,21,6,8
6113,6113,32,16,9
6109,6109,12,2,5
22009,22009,8,6,7
39145,39145,21,9,9
53007,53007,11,6,6
37113,37113,13,4,7
48231,48231,15,12,7
56009,56009,8,4,1
1013,1013,25,10,10
28101,28101,13,6,10
22039,22039,15,4,4
21039,21039,3,1,3
29125,29125,6,1,1
46007,46007,1,0,0
35027,35027,10,5,4
30081,30081,25,6,2
6087,6087,131,26,42
28017,28017,18,1,14
6057,6057,24,4,10
8013,8013,63,14,13
49021,49021,15,4,2
13001,13001,2,2,2
17099,17099,6,1,1
18029,18029,12,4,3
27169,27169,26,7,5
45071,45071,23,10,10
40111,40111,25,16,13
21127,21127,7,8,1
12131,12131,42,3,11
28039,28039,15,7,5
27021,27021,8,3,1
21229,21229,6,3,2
48337,48337,4,5,0
26127,26127,4,1,1
1007,1007,8,6,3
46135,46135,9,1,4
31185,31185,7,1,4
48257,48257,32,10,19
26027,26027,19,2,7
50017,50017,16,3,0
23009,23009,20,3,4
53075,53075,19,4,7
40061,40061,2,0,2
37179,37179,47,18,15
12007,12007,7,1,0
19099,19099,11,4,4
17135,17135,4,0,0
16081,16081,4,1,1
54017,54017,2,0,1
48455,48455,7,5,3
36095,36095,7,0,0
13095,13095,211,39,95
28163,28163,25,18,11
48181,48181,18,11,5
46053,46053,3,0,1
55009,55009,77,17,16
48249,48249,18,8,5
36025,36025,9,0,1
53041,53041,33,10,8
2050,2050,37,11,12
20149,20149,7,2,3
39123,39123,5,2,0
18135,18135,11,3,0
21163,21163,3,3,0
8087,8087,1,0,1
51520,51520,11,0,4
37061,37061,24,9,8
45011,45011,13,6,7
48363,48363,4,1,2
21095,21095,26,6,6
54047,54047,18,11,8
26057,26057,4,1,1
5133,5133,4,5,0
6063,6063,6,1,1
29209,29209,6,2,2
2150,2150,17,2,0
1111,1111,5,3,5
39081,39081,24,6,15
22053,22053,29,12,8
51003,51003,28,6,10
47015,47015,4,2,3
5003,5003,6,3,2
53071,53071,12,6,1
48315,48315,9,4,3
13107,13107,11,8,5
39157,39157,13,9,5
37189,37189,19,3,6
48139,48139,21,9,10
55139,55139,62,13,14
41027,41027,8,3,4
8035,8035,42,19,15
13155,13155,8,1,2
6089,6089,76,24,26
48039,48039,77,29,22
17177,17177,57,3,18
48305,48305,4,5,0
33003,33003,14,1,3
8107,8107,6,1,2
18053,18053,16,7,9
28153,28153,20,15,11
40049,40049,8,2,6
35041,35041,34,4,3
54079,54079,24,3,9
37007,37007,16,14,11
48449,48449,10,4,7
18065,18065,18,7,7
20155,20155,24,5,11
37145,37145,10,5,4
13057,13057,41,16,22
1113,1113,55,35,39
28029,28029,24,8,9
8097,8097,7,1,0
13045,13045,24,16,10
39029,39029,16,9,11
29069,29069,20,10,8
48317,48317,5,1,0
1107,1107,6,3,5
21085,21085,8,4,2
2164,2164,7,2,0
49015,49015,3,1,2
47151,47151,5,3,5
40087,40087,17,10,3
13097,13097,35,20,21
47029,47029,12,5,3
40093,40093,1,0,0
35025,35025,29,11,13
41031,41031,9,4,3
51073,51073,12,5,6
48395,48395,8,4,3
21035,21035,21,7,3
5035,5035,21,13,14
28043,28043,40,16,15
39079,39079,6,3,4
5027,5027,4,3,0
28077,28077,11,7,5
35035,35035,15,8,6
40071,40071,6,1,3
17035,17035,2,1,1
18145,18145,13,5,4
13169,13169,8,4,3
55117,55117,28,4,7
37153,37153,10,7,5
42097,42097,32,8,14
6105,6105,15,5,5
22075,22075,14,0,6
5037,5037,15,4,9
54097,54097,3,1,0
31111,31111,19,3,5
48019,48019,6,3,3
20151,20151,7,1,5
1041,1041,8,3,4
5015,5015,6,3,0
42033,42033,13,4,6
18051,18051,8,3,1
29053,29053,12,4,1
18037,18037,18,1,5
37109,37109,30,6,12
39101,39101,29,5,6
54013,54013,4,2,3
48021,48021,21,16,5
26061,26061,4,1,0
51061,51061,12,4,4
16009,16009,5,2,1
29133,29133,22,5,15
22101,22101,40,9,17
26033,26033,7,2,1
48373,48373,6,5,5
21019,21019,17,4,3
36021,36021,23,1,11
51007,51007,6,2,2
30057,30057,4,0,4
5019,5019,5,3,1
1023,1023,10,6,3
26015,26015,9,5,3
6011,6011,7,0,3
19101,19101,3,2,1
51820,51820,25,1,2
19083,19083,5,1,1
5045,5045,52,17,23
47081,47081,13,8,6
19139,19139,57,1,15
48387,48387,1,0,0
55069,55069,8,2,5
46041,46041,6,2,1
45039,45039,11,5,6
55113,55113,13,9,2
17053,17053,6,0,2
37037,37037,14,2,6
30071,30071,1,1,0
1119,1119,12,11,8
2261,2261,9,3,0
47051,47051,14,5,4
48221,48221,4,1,1
47173,47173,6,3,1
18109,18109,8,2,5
48349,48349,9,9,4
51079,51079,5,0,3
53029,53029,8,2,4
56029,56029,15,7,7
54109,54109,12,2,8
19127,19127,12,3,5
13191,13191,2,1,5
28099,28099,37,17,10
5055,5055,21,8,8
40079,40079,14,9,7
22007,22007,37,8,5
1045,1045,33,8,17
6021,6021,13,3,5
48397,48397,10,5,4
13301,13301,7,4,4
5085,5085,24,7,10
29057,29057,2,1,2
12017,12017,29,13,12
26111,26111,8,3,4
21225,21225,9,4,3
16039,16039,8,5,3
48003,48003,5,0,2
28031,28031,13,8,3
21091,21091,3,1,0
48241,48241,9,3,5
18021,18021,10,2,3
48469,48469,10,6,3
27061,27061,8,3,1
37091,37091,9,5,7
21129,21129,5,5,1
51169,51169,6,3,3
45001,45001,16,6,8
29073,29073,6,2,4
27163,27163,33,8,13
33013,33013,73,5,10
13127,13127,84,22,41
8039,8039,6,3,1
38053,38053,16,0,3
13019,13019,6,3,2
37197,37197,6,2,1
16087,16087,1,1,0
29161,29161,13,5,7
51195,51195,15,7,5
29119,29119,10,5,4
36019,36019,16,6,4
48281,48281,7,4,2
34009,34009,31,2,8
6101,6101,21,9,6
22083,22083,7,4,3
26119,26119,2,2,0
31101,31101,3,3,1
31079,31079,15,4,2
21099,21099,10,6,3
19067,19067,9,2,0
35047,35047,11,2,4
27119,27119,13,4,7
27059,27059,5,0,2
28123,28123,14,9,5
37193,37193,10,9,6
16075,16075,4,2,2
2198,2198,12,1,3
39129,39129,11,8,1
16053,16053,6,2,1
17117,17117,6,2,3
48371,48371,3,1,2
26045,26045,24,10,7
31177,31177,9,0,3
39173,39173,24,1,11
48031,48031,1,0,0
54057,54057,5,1,0
13311,13311,6,2,3
22047,22047,24,13,10
18103,18103,11,2,2
47145,47145,18,5,7
53057,53057,25,17,5
48193,48193,2,1,0
48049,48049,14,5,1
35051,35051,5,4,0
22111,22111,16,4,6
55129,55129,4,1,0
49047,49047,22,9,9
5121,5121,4,2,0
13083,13083,3,0,0
37141,37141,19,7,8
27097,27097,5,0,1
48227,48227,17,8,7
13247,13247,33,9,10
35007,35007,5,3,2
21043,21043,9,3,4
12013,12013,6,1,5
19081,19081,2,1,0
21177,21177,17,5,4
51057,51057,1,0,1
51515,51515,2,0,0
54009,54009,5,1,0
51097,51097,1,1,0
54027,54027,2,1,1
18071,18071,27,4,3
18087,18087,9,0,2
8085,8085,17,2,5
51085,51085,18,4,10
5083,5083,10,6,2
56007,56007,4,1,0
29163,29163,7,2,2
24035,24035,9,4,3
29081,29081,1,0,0
2195,2195,4,0,1
47055,47055,6,2,1
1059,1059,21,5,6
13017,13017,7,4,3
20051,20051,3,1,2
39169,39169,16,3,7
20045,20045,62,14,37
53045,53045,22,17,3
29137,29137,4,1,3
17093,17093,19,2,3
54015,54015,12,5,4
21193,21193,16,6,4
40115,40115,14,8,4
18175,18175,10,9,4
42121,42121,5,5,0
13287,13287,5,2,1
55029,55029,4,1,1
38003,38003,8,0,1
17037,17037,20,6,9
17137,17137,10,1,4
19187,19187,40,4,13
48443,48443,2,3,0
19055,19055,4,1,2
51171,51171,4,3,1
21205,21205,10,8,2
47141,47141,23,12,10
42039,42039,15,6,5
17057,17057,2,1,1
55063,55063,55,4,16
42047,42047,7,1,3
18013,18013,7,2,5
47003,47003,9,2,3
1091,1091,12,4,3
26019,26019,2,0,1
31073,31073,1,0,0
22123,22123,2,3,0
21011,21011,5,5,0
30083,30083,3,1,1
48075,48075,4,2,2
53055,53055,5,2,2
28117,28117,18,3,4
51027,51027,13,8,4
50025,50025,40,8,3
17003,17003,9,2,8
21207,21207,6,2,2
48131,48131,3,1,0
45017,45017,21,5,5
13189,13189,19,12,2
29033,29033,2,1,2
16057,16057,19,6,4
51005,51005,1,0,0
42013,42013,41,3,5
16017,16017,22,6,8
54071,54071,3,1,0
27067,27067,7,0,2
39167,39167,5,2,2
50021,50021,53,8,12
48147,48147,8,4,4
18023,18023,8,2,3
39039,39039,8,4,4
49027,49027,3,0,1
40139,40139,3,1,0
50019,50019,17,2,2
55005,55005,19,10,4
29017,29017,8,3,1
46111,46111,3,1,2
36043,36043,7,10,4
28083,28083,40,17,20
13031,13031,195,15,27
39021,39021,10,2,6
56033,56033,7,3,2
51063,51063,2,0,0
55021,55021,17,4,0
39073,39073,7,7,2
16031,16031,4,3,0
42127,42127,7,3,3
28005,28005,5,1,3
51683,51683,18,1,9
27157,27157,5,0,0
17127,17127,12,3,5
1029,1029,8,2,3
26059,26059,10,2,1
39161,39161,3,0,1
21003,21003,11,7,4
16033,16033,1,0,1
53017,53017,3,2,0
17181,17181,3,0,0
12125,12125,4,7,1
1017,1017,22,7,19
18153,18153,8,1,2
31047,31047,3,0,0
48331,48331,8,6,4
54041,54041,6,2,1
31037,31037,3,2,1
29215,29215,10,12,6
28019,28019,1,1,1
55097,55097,17,5,5
28107,28107,34,17,18
48177,48177,1,1,0
56011,56011,1,0,0
13259,13259,2,1,1
28143,28143,13,6,8
2290,2290,13,4,0
17121,17121,42,4,8
24047,24047,17,3,6
8055,8055,4,2,2
30043,30043,4,2,0
29175,29175,15,10,2
28011,28011,22,12,16
26055,26055,29,3,3
51790,51790,10,3,5
34019,34019,13,2,4
42131,42131,5,7,0
40135,40135,18,7,3
37167,37167,33,14,16
29139,29139,5,2,1
21203,21203,9,5,1
19167,19167,5,0,1
19095,19095,3,2,0
13271,13271,3,2,2
55023,55023,6,2,1
42111,42111,16,6,2
46123,46123,2,1,0
18119,18119,4,3,0
13029,13029,15,5,3
29149,29149,3,1,0
29023,29023,31,12,8
20115,20115,3,1,1
1085,1085,8,5,3
18181,18181,9,6,2
48299,48299,8,4,1
13255,13255,24,12,10
13237,13237,4,5,2
6025,6025,40,11,11
17083,17083,2,1,1
17063,17063,8,1,2
51137,51137,9,5,2
39147,39147,14,7,7
35039,35039,13,11,4
51111,51111,7,2,5
17165,17165,18,2,10
55039,55039,29,7,6
49001,49001,3,3,0
48497,48497,8,4,1
45065,45065,4,3,2
37011,37011,3,1,0
37035,37035,81,38,30
4007,4007,8,4,1
39087,39087,13,7,4
20181,20181,2,0,1
47031,47031,15,3,10
39063,39063,15,8,4
26117,26117,8,4,0
13165,13165,4,3,1
27093,27093,4,2,2
5149,5149,6,4,1
37003,37003,13,6,7
6115,6115,33,12,15
48001,48001,27,10,13
42123,42123,9,6,3
47105,47105,11,8,1
55041,55041,4,3,1
13183,13183,6,2,2
16073,16073,3,2,0
30007,30007,5,2,0
12041,12041,4,9,3
13113,13113,23,6,12
1129,1129,5,3,2
39109,39109,43,5,11
21147,21147,4,2,3
56043,56043,3,1,1
27107,27107,4,2,1
38025,38025,1,0,1
54099,54099,21,4,3
5087,5087,5,2,2
12039,12039,13,3,7
13081,13081,36,13,23
30065,30065,4,2,3
51029,51029,4,3,1
48063,48063,5,3,4
5047,5047,3,2,1
48251,48251,23,10,11
6015,6015,9,2,9
29157,29157,7,0,1
12059,12059,13,3,5
21115,21115,7,7,1
8093,8093,7,4,5
4001,4001,8,8,5
13131,13131,10,4,3
55135,55135,10,3,2
54105,54105,1,1,0
29115,29115,1,0,1
13013,13013,73,8,6
48115,48115,5,2,3
54053,54053,13,2,8
29091,29091,7,1,4
12121,12121,7,1,3
24041,24041,3,1,0
36023,36023,13,1,3
13137,13137,12,11,4
20133,20133,4,1,0
51035,51035,14,3,6
17133,17133,5,3,0
48463,48463,3,4,7
19191,19191,2,0,0
48477,48477,5,2,1
28069,28069,12,3,7
28135,28135,1,0,0
29127,29127,17,1,8
46095,46095,1,0,0
19035,19035,2,0,0
1079,1079,11,7,6
22037,22037,8,4,4
13123,13123,4,4,0
48223,48223,11,5,3
13069,13069,37,11,12
51099,51099,9,3,6
16071,16071,2,0,1
51025,51025,1,0,7
22043,22043,2,0,0
19131,19131,2,0,0
13195,13195,64,6,5
47025,47025,6,2,2
55055,55055,11,7,0
20111,20111,7,2,2
31025,31025,8,1,2
17007,17007,16,3,2
1099,1099,3,0,1
47035,47035,8,9,2
51069,51069,9,4,3
19171,19171,4,1,0
37199,37199,5,2,1
13043,13043,6,3,1
48025,48025,7,5,1
39091,39091,5,2,2
19125,19125,7,1,3
20073,20073,1,0,0
49041,49041,9,1,4
39105,39105,10,1,5
48321,48321,7,3,2
5081,5081,7,5,1
47117,47117,7,2,5
21017,21017,10,4,9
48499,48499,10,4,6
37115,37115,5,1,1
49017,49017,1,0,1
18041,18041,4,0,2
24039,24039,13,4,3
6043,6043,7,0,3
13055,13055,5,3,1
47183,47183,15,5,3
31045,31045,2,1,0
5013,5013,2,2,1
37143,37143,6,1,6
29167,29167,5,1,2
6033,6033,19,8,7
40011,40011,2,1,1
19021,19021,10,0,1
31067,31067,8,0,3
47139,47139,5,2,5
40137,40137,12,7,3
40149,40149,5,4,2
13143,13143,3,2,1
51031,51031,20,5,6
51067,51067,21,11,13
47143,47143,6,2,1
18033,18033,11,2,2
40035,40035,2,0,1
19087,19087,6,0,2
27031,27031,3,3,0
45061,45061,9,6,3
2105,2105,2,0,0
39067,39067,2,0,1
8119,8119,8,1,2
17011,17011,4,0,1
47101,47101,6,4,2
50009,50009,2,2,0
18183,18183,3,1,1
12079,12079,22,4,11
31167,31167,1,0,0
42027,42027,30,1,4
20059,20059,5,1,1
26067,26067,12,6,2
22027,22027,2,2,0
13273,13273,9,0,4
53037,53037,7,2,0
48365,48365,11,9,6
48217,48217,12,6,2
12075,12075,15,11,6
48175,48175,2,1,1
13157,13157,75,13,13
39059,39059,23,4,1
29009,29009,8,4,1
28157,28157,3,4,0
12027,12027,4,4,1
51105,51105,4,0,1
27055,27055,2,0,2
39051,39051,9,6,2
29181,29181,5,5,1
48159,48159,4,1,2
56041,56041,3,1,1
56013,56013,15,7,5
54095,54095,2,0,0
13177,13177,14,4,4
49019,49019,4,0,0
13167,13167,4,0,6
42025,42025,14,2,4
22081,22081,4,3,2
28091,28091,28,14,9
49013,49013,9,6,1
51840,51840,8,2,2
18151,18151,12,1,3
48313,48313,5,2,2
20011,20011,2,0,0
48437,48437,2,1,0
47043,47043,14,6,4
30003,30003,6,5,4
39125,39125,7,4,1
27115,27115,8,1,3
16047,16047,7,4,3
30077,30077,3,6,1
13277,13277,48,14,13
39127,39127,6,4,1
39131,39131,6,3,1
13141,13141,2,2,0
33019,33019,12,0,2
31143,31143,1,0,0
38093,38093,8,3,3
21031,21031,3,0,1
29011,29011,1,0,1
48493,48493,10,31,23
18143,18143,8,5,1
55111,55111,24,3,3
27041,27041,12,5,4
39015,39015,11,7,0
13005,13005,7,1,3
4009,4009,10,1,4
31043,31043,8,2,1
20041,20041,8,0,1
17051,17051,3,2,1
27141,27141,10,1,3
31021,31021,2,2,0
20143,20143,1,1,0
22013,22013,6,1,4
18031,18031,10,5,2
13257,13257,14,5,3
48203,48203,59,21,13
27001,27001,5,3,0
13233,13233,9,5,1
20145,20145,1,1,0
20085,20085,7,0,1
13163,13163,3,0,1
21169,21169,4,4,1
13197,13197,1,1,0
29117,29117,3,0,0
40039,40039,10,4,3
5129,5129,3,3,1
1061,1061,11,4,7
28013,28013,12,5,6
55061,55061,2,1,0
40085,40085,6,1,4
46127,46127,3,1,0
51125,51125,8,0,3
21231,21231,9,7,2
29143,29143,9,4,0
37041,37041,9,1,12
22065,22065,12,6,14
47013,47013,17,6,6
51077,51077,5,3,2
13221,13221,5,2,4
21049,21049,15,7,10
26023,26023,7,2,4
21045,21045,6,2,2
13313,13313,23,9,8
35037,35037,4,3,1
21131,21131,5,1,7
22091,22091,6,7,1
51165,51165,6,1,4
48233,48233,12,6,6
51049,51049,2,0,1
20039,20039,4,2,2
16029,16029,4,0,1
55043,55043,9,2,2
48079,48079,1,0,1
55109,55109,16,3,4
47077,47077,14,6,8
55125,55125,2,2,0
26041,26041,3,0,0
21103,21103,7,2,3
54093,54093,1,1,0
22011,22011,10,7,3
24037,24037,25,6,7
18171,18171,1,0,0
46033,46033,3,1,0
19049,19049,6,2,1
21037,21037,24,8,9
21143,21143,8,3,3
17021,17021,8,6,6
39117,39117,3,1,0
56001,56001,5,3,1
40117,40117,2,0,0
53003,53003,5,1,2
51145,51145,4,3,0
21097,21097,10,6,1
1075,1075,2,1,1
28115,28115,10,2,6
26149,26149,17,3,4
30053,30053,9,5,2
42035,42035,4,1,2
18001,18001,4,1,0
54007,54007,5,2,3
37029,37029,5,2,0
55047,55047,7,3,1
39115,39115,3,0,1
42061,42061,16,5,1
30047,30047,13,6,4
48199,48199,10,4,8
51091,51091,1,1,0
30001,30001,5,1,2
48279,48279,4,1,2
36031,36031,9,0,4
16079,16079,12,2,2
18113,18113,11,3,1
17103,17103,5,2,0
5101,5101,1,1,0
46091,46091,1,0,0
40023,40023,10,6,9
48399,48399,2,2,0
17185,17185,1,0,2
41049,41049,3,1,2
21213,21213,10,5,5
26007,26007,3,1,0
51093,51093,11,4,3
40045,40045,1,0,1
39083,39083,7,7,1
49033,49033,2,2,2
26165,26165,5,1,2
13209,13209,2,2,1
22029,22029,10,3,6
41065,41065,6,1,3
13213,13213,3,1,2
22077,22077,17,10,10
53019,53019,1,0,1
42115,42115,8,2,2
5073,5073,2,1,1
18069,18069,4,2,4
13193,13193,4,3,2
18139,18139,4,0,0
17147,17147,4,1,0
20053,20053,3,0,2
18077,18077,5,3,2
27005,27005,15,1,7
47109,47109,5,1,4
55078,55078,5,0,0
42009,42009,11,2,2
17107,17107,3,1,1
16051,16051,10,2,7
19147,19147,2,0,1
55017,55017,16,6,2
8081,8081,4,3,1
13061,13061,2,2,1
13105,13105,6,5,3
21077,21077,2,2,0
13011,13011,2,2,1
20179,20179,1,0,0
5011,5011,4,1,1
47063,47063,19,3,9
1025,1025,2,4,1
35023,35023,2,0,2
18093,18093,15,5,4
37099,37099,6,3,3
17071,17071,6,2,2
39005,39005,7,1,6
19037,19037,4,1,1
26031,26031,1,0,1
18007,18007,3,1,2
54063,54063,3,2,0
39011,39011,4,1,1
16049,16049,4,1,1
48143,48143,6,1,4
37095,37095,1,0,0
8071,8071,5,5,1
19137,19137,9,1,2
31139,31139,1,0,0
1067,1067,4,1,2
19121,19121,7,0,3
49025,49025,3,1,0
21075,21075,5,3,1
20117,20117,2,0,0
1093,1093,6,4,1
17073,17073,10,8,1
27091,27091,2,1,1
6069,6069,8,2,4
30021,30021,1,1,0
19181,19181,3,0,2
28131,28131,9,2,7
48111,48111,1,0,1
18099,18099,7,0,2
30023,30023,4,1,0
13231,13231,1,0,0
29179,29179,2,3,1
30011,30011,1,2,0
19091,19091,3,1,0
41015,41015,11,0,2
31065,31065,2,0,0
50015,50015,8,0,2
21123,21123,1,0,1
41013,41013,8,4,4
55003,55003,4,4,1
21211,21211,11,6,4
38085,38085,1,1,0
28025,28025,17,4,15
13315,13315,4,1,1
20087,20087,6,4,1
19161,19161,7,1,4
41061,41061,2,0,1
54089,54089,8,4,4
35028,35028,5,0,0
41053,41053,12,6,4
55053,55053,8,5,1
13175,13175,15,11,7
28137,28137,2,1,2
21133,21133,10,3,6
40073,40073,3,1,1
22067,22067,15,4,7
38023,38023,2,0,1
18179,18179,8,2,2
32033,32033,2,0,1
42103,42103,16,6,5
12123,12123,11,4,13
12067,12067,2,0,1
29131,29131,3,2,2
27127,27127,1,0,1
2220,2220,3,1,2
48207,48207,1,0,0
29221,29221,9,3,3
19059,19059,5,2,2
54067,54067,9,3,6
27153,27153,2,0,1
21089,21089,9,6,3
51135,51135,5,4,4
31119,31119,9,0,2
41007,41007,7,5,1
48353,48353,3,1,2
50013,50013,4,0,3
42117,42117,5,0,2
27159,27159,2,3,0
34041,34041,9,4,3
4023,4023,5,0,2
54077,54077,16,4,3
45009,45009,21,5,13
8007,8007,3,3,1
26153,26153,1,3,0
27087,27087,4,1,3
46105,46105,1,1,0
50027,50027,26,4,6
31033,31033,2,3,0
18165,18165,2,0,0
32001,32001,2,2,0
17193,17193,2,0,2
22059,22059,2,2,0
48165,48165,7,2,6
47133,47133,1,1,0
31137,31137,1,0,1
47103,47103,7,3,6
19077,19077,3,0,3
51750,51750,8,0,2
18061,18061,4,3,2
21081,21081,7,4,5
55033,55033,16,4,3
55057,55057,6,1,2
26101,26101,9,1,0
27083,27083,4,2,0
55015,55015,4,3,2
51081,51081,4,3,1
38055,38055,4,1,0
18025,18025,4,2,2
51121,51121,17,7,5
13207,13207,12,4,5
42057,42057,4,5,1
37005,37005,2,1,1
38079,38079,6,3,1
13251,13251,4,4,0
51023,51023,8,1,2
29101,29101,10,6,4
50005,50005,16,2,6
27167,27167,6,2,1
56037,56037,3,1,1
21157,21157,12,3,16
55115,55115,25,0,4
5053,5053,5,2,1
13091,13091,8,4,3
31157,31157,12,0,4
29003,29003,3,1,1
21175,21175,4,1,2
21027,21027,3,4,0
39065,39065,1,0,1
26123,26123,8,5,3
13201,13201,3,1,3
48017,48017,1,0,1
54075,54075,3,3,0
21033,21033,7,5,1
8051,8051,4,3,1
26029,26029,5,0,3
17087,17087,1,1,0
22049,22049,3,2,0
47111,47111,4,5,1
55077,55077,3,2,1
48219,48219,11,3,1
49003,49003,3,1,1
17153,17153,4,1,5
21171,21171,2,1,1
55137,55137,5,1,0
37053,37053,3,0,2
37173,37173,4,2,1
12043,12043,1,0,2
30005,30005,1,0,0
30105,30105,2,2,1
22093,22093,5,2,3
55083,55083,4,2,1
48069,48069,2,0,0
51147,51147,5,1,1
24023,24023,4,0,1
37055,37055,9,0,3
51580,51580,7,0,2
17067,17067,6,4,0
51163,51163,3,3,0
20125,20125,15,6,8
40105,40105,5,1,3
8014,8014,7,3,2
48503,48503,3,2,3
22113,22113,34,7,16
5065,5065,3,2,1
48343,48343,3,2,1
40015,40015,16,11,2
48237,48237,1,1,0
40033,40033,3,2,1
18101,18101,4,3,1
54051,54051,6,2,1
32029,32029,5,1,4
19063,19063,3,2,0
45037,45037,11,6,3
28079,28079,8,5,4
40133,40133,7,6,2
20163,20163,1,0,1
55001,55001,4,2,2
20121,20121,2,3,0
54103,54103,4,2,1
26093,26093,6,3,1
47127,47127,1,1,1
45081,45081,5,1,3
20195,20195,1,1,0
46115,46115,3,0,3
30101,30101,1,0,1
55065,55065,2,0,0
27129,27129,1,0,1
12047,12047,2,2,0
38009,38009,2,2,1
37073,37073,1,1,0
13093,13093,5,8,1
13279,13279,14,6,6
13187,13187,2,2,0
28021,28021,13,7,7
47185,47185,6,6,1
53047,53047,11,5,2
48419,48419,7,4,4
47071,47071,8,1,10
13049,13049,2,2,0
19003,19003,1,1,0
13007,13007,2,1,1
51183,51183,4,2,3
48427,48427,12,12,6
8023,8023,1,1,0
26143,26143,5,3,4
30089,30089,3,3,1
55127,55127,15,8,2
48359,48359,1,0,0
47039,47039,2,1,0
20007,20007,2,1,1
56015,56015,2,3,0
36033,36033,7,3,3
47023,47023,9,3,3
1063,1063,8,5,13
38103,38103,1,2,0
46005,46005,3,0,0
55107,55107,3,1,0
31039,31039,1,0,0
46023,46023,8,7,2
48051,48051,3,2,3
37117,37117,17,3,11
28063,28063,4,2,1
48445,48445,2,1,2
35029,35029,5,5,0
51595,51595,4,2,2
51071,51071,7,3,2
21167,21167,9,3,4
13085,13085,7,4,3
37009,37009,5,3,2
30103,30103,1,1,0
13173,13173,4,1,2
49029,49029,2,0,1
18073,18073,2,0,2
13303,13303,7,2,2
42087,42087,5,3,1
13281,13281,4,2,0
39097,39097,5,3,4
48325,48325,11,6,4
54043,54043,8,1,4
45027,45027,8,7,2
20193,20193,1,1,0
46087,46087,1,0,1
28129,28129,3,1,2
21159,21159,4,4,0
32027,32027,1,0,3
13305,13305,4,3,2
53031,53031,6,3,3
37169,37169,12,9,1
55019,55019,4,2,1
39053,39053,10,1,7
18055,18055,7,5,1
48379,48379,3,1,1
17123,17123,1,1,0
39055,39055,4,1,1
46129,46129,1,0,0
38011,38011,1,0,0
39077,39077,6,2,3
27073,27073,2,2,0
48067,48067,10,8,4
19109,19109,1,0,0
22125,22125,1,0,1
26087,26087,12,3,3
54031,54031,2,1,1
19075,19075,2,0,0
17145,17145,6,1,4
31147,31147,2,1,0
13293,13293,4,1,1
30061,30061,3,3,1
48473,48473,5,5,3
54021,54021,5,2,3
13003,13003,2,2,1
27113,27113,2,1,1
37185,37185,7,8,5
16021,16021,2,0,0
40153,40153,5,0,4
48259,48259,5,2,1
17023,17023,1,0,0
47027,47027,3,4,1
21215,21215,6,5,1
27105,27105,2,3,0
21007,21007,5,3,2
21079,21079,3,1,2
51167,51167,14,5,7
36053,36053,11,3,2
13241,13241,3,2,0
40103,40103,3,1,1
48163,48163,3,2,0
54023,54023,1,0,0
21069,21069,1,0,1
39175,39175,3,0,2
18117,18117,7,9,5
19005,19005,3,0,2
27049,27049,9,1,2
38027,38027,1,1,1
1037,1037,8,6,2
27029,27029,2,5,0
55119,55119,4,0,0
28155,28155,3,2,2
19183,19183,6,1,2
40053,40053,2,1,2
55123,55123,5,1,3
51193,51193,2,0,2
8029,8029,6,1,0
13321,13321,11,3,12
8015,8015,2,1,1
17129,17129,3,1,0
8049,8049,2,0,1
46081,46081,5,1,0
47121,47121,4,3,2
26157,26157,5,0,2
13119,13119,4,4,0
48295,48295,1,1,0
19105,19105,2,0,1
5059,5059,4,4,1
13079,13079,12,6,13
36123,36123,7,0,1
13149,13149,1,1,0
8003,8003,3,1,1
19129,19129,4,1,4
27065,27065,1,1,0
21219,21219,6,0,2
39019,39019,2,3,0
20033,20033,1,1,0
49055,49055,1,0,0
47089,47089,6,4,2
51011,51011,6,3,3
19115,19115,1,1,0
27033,27033,2,2,1
26137,26137,2,0,1
48293,48293,2,1,0
1027,1027,1,2,0
48435,48435,1,0,1
30087,30087,2,0,3
42119,42119,3,0,1
19085,19085,2,0,0
26047,26047,1,0,0
16013,16013,2,1,0
29153,29153,3,0,2
21155,21155,6,5,0
35033,35033,1,2,1
13227,13227,5,3,3
27079,27079,2,1,0
55103,55103,5,1,0
8125,8125,1,1,0
28023,28023,8,4,3
48169,48169,2,1,0
27133,27133,1,0,1
53039,53039,4,3,2
29219,29219,6,1,2
51119,51119,4,2,1
28037,28037,1,1,0
32017,32017,1,1,0
19107,19107,1,0,1
19027,19027,1,0,1
48229,48229,3,2,1
30091,30091,2,0,2
5079,5079,4,2,2
27125,27125,3,0,0
29207,29207,3,0,0
8105,8105,5,2,1
5103,5103,5,2,2
29013,29013,1,0,0
13229,13229,1,1,0
19017,19017,5,1,1
46065,46065,5,0,1
18123,18123,5,2,0
38041,38041,1,0,0
5099,5099,2,1,0
51141,51141,3,1,2
55095,55095,4,2,2
17027,17027,6,0,1
51127,51127,3,0,0
12029,12029,6,5,1
46015,46015,1,0,1
48273,48273,3,2,0
49037,49037,3,2,1
17041,17041,2,1,0
48117,48117,3,2,4
26141,26141,1,2,0
19117,19117,1,0,1
48059,48059,5,1,0
48095,48095,1,1,0
21153,21153,1,1,0
29147,29147,1,1,0
47049,47049,1,0,0
19039,19039,1,2,0
4011,4011,1,1,2
17013,17013,2,0,0
8117,8117,4,3,1
18149,18149,6,3,4
48265,48265,6,7,1
17189,17189,2,1,0
18009,18009,1,2,0
20189,20189,1,0,1
48123,48123,3,3,0
5041,5041,4,2,4
26063,26063,6,0,1
48065,48065,2,1,1
21061,21061,4,0,1
29015,29015,5,2,3
26043,26043,5,3,4
21063,21063,3,1,2
17069,17069,2,1,0
48127,48127,3,3,1
39159,39159,5,2,1
51075,51075,5,1,2
29035,29035,1,1,0
48007,48007,5,1,3
19189,19189,6,0,1
19011,19011,2,1,1
48107,48107,3,0,1
29049,29049,3,2,1
47135,47135,5,4,0
38013,38013,1,1,0
51139,51139,2,0,3
29065,29065,1,0,0
20137,20137,1,1,0
26155,26155,9,4,3
48161,48161,5,4,2
17169,17169,1,1,0
46019,46019,2,0,0
37039,37039,4,1,3
42065,42065,5,1,2
13291,13291,1,2,0
51685,51685,2,0,0
13065,13065,4,1,1
48047,48047,1,1,1
40029,40029,3,1,1
47181,47181,5,2,1
16035,16035,3,2,0
30067,30067,5,3,1
8103,8103,1,1,0
51678,51678,1,0,0
20063,20063,1,1,0
13239,13239,1,0,0
8073,8073,2,0,0
48055,48055,6,4,5
29203,29203,2,1,1
32013,32013,3,2,1
6005,6005,3,2,0
28119,28119,2,1,1
13181,13181,4,3,0
17203,17203,2,2,0
16059,16059,2,1,1
48323,48323,2,1,0
17187,17187,4,1,1
48197,48197,1,2,0
18129,18129,6,0,5
51113,51113,2,0,2
47085,47085,6,2,3
55049,55049,2,1,0
16037,16037,1,1,0
17171,17171,2,6,2
21087,21087,2,3,2
51610,51610,4,0,5
48247,48247,3,0,1
26129,26129,3,3,0
29001,29001,10,5,3
55011,55011,3,0,0
31071,31071,1,2,0
40075,40075,3,2,1
8099,8099,1,0,1
16085,16085,2,0,0
26105,26105,4,2,0
30035,30035,3,1,2
48457,48457,5,6,0
48413,48413,1,1,0
39075,39075,1,2,0
37059,37059,4,0,3
24011,24011,5,0,1
19031,19031,4,1,1
19029,19029,1,0,0
54073,54073,1,0,1
8019,8019,3,1,2
19097,19097,4,3,2
19123,19123,5,1,3
24029,24029,2,0,0
12051,12051,12,4,14
38091,38091,1,1,0
5117,5117,1,1,0
19157,19157,1,0,0
19093,19093,2,0,0
48505,48505,1,0,0
6049,6049,2,5,3
20095,20095,1,1,0
27151,27151,4,0,2
19019,19019,6,0,0
20077,20077,1,0,0
21233,21233,4,0,2
35019,35019,1,0,1
22041,22041,5,0,1
19047,19047,3,2,2
20013,20013,3,1,1
39033,39033,2,1,0
48425,48425,1,1,0
28125,28125,3,4,1
38057,38057,2,0,2
53049,53049,1,1,1
19089,19089,2,1,0
13147,13147,4,7,1
48351,48351,4,3,1
18083,18083,3,3,0
18075,18075,2,0,2
47007,47007,2,1,0
12077,12077,4,3,0
19173,19173,3,1,2
16041,16041,2,5,1
31163,31163,1,0,1
27161,27161,1,0,0
20139,20139,1,0,1
46109,46109,3,4,1
26053,26053,2,2,0
44001,44001,6,0,3
13267,13267,2,1,1
39047,39047,3,0,2
21161,21161,2,0,3
13161,13161,2,3,0
21173,21173,4,1,1
31095,31095,1,1,0
13171,13171,4,0,3
13317,13317,3,2,0
26039,26039,1,0,0
6027,6027,1,0,0
55013,55013,4,0,1
18115,18115,2,2,0
40067,40067,3,0,1
38077,38077,7,1,3
29121,29121,3,2,1
8047,8047,3,2,1
48415,48415,2,3,0
13263,13263,2,0,0
5001,5001,8,6,3
17015,17015,1,0,0
5061,5061,1,1,0
29045,29045,1,0,1
36041,36041,1,0,0
27015,27015,2,2,0
54035,54035,6,1,0
51600,51600,1,0,0
28009,28009,4,2,2
19159,19159,1,0,0
13053,13053,2,1,0
17061,17061,1,1,0
56003,56003,2,1,1
26003,26003,1,1,0
48043,48043,5,2,3
38099,38099,1,0,1
27173,27173,3,1,1
21223,21223,2,3,1
41055,41055,2,1,0
31015,31015,1,0,0
13319,13319,3,1,0
37121,37121,2,1,1
48391,48391,1,0,0
47137,47137,1,2,0
51115,51115,3,3,1
42105,42105,3,0,2
55037,55037,1,0,0
48481,48481,1,2,0
30085,30085,2,0,0
27121,27121,1,1,0
47159,47159,3,0,4
21023,21023,1,1,0
51640,51640,1,0,0
13133,13133,1,1,0
5089,5089,7,1,3
31131,31131,2,0,0
48261,48261,1,1,1
51720,51720,3,0,3
13109,13109,1,0,0
22025,22025,3,1,0
28133,28133,4,2,4
48011,48011,1,1,0
18161,18161,1,1,0
20191,20191,1,0,0
5141,5141,1,0,0
26013,26013,1,0,0
8089,8089,3,1,1
13243,13243,1,0,1
48205,48205,2,1,0
8109,8109,4,1,2
19119,19119,6,0,4
56035,56035,1,0,0
31107,31107,1,1,0
19053,19053,1,0,0
32021,32021,1,0,1
16045,16045,4,2,2
26097,26097,2,2,0
38081,38081,2,0,2
29079,29079,1,2,0
38061,38061,5,1,1
29075,29075,1,1,0
13099,13099,5,2,1
31127,31127,1,0,1
29039,29039,2,3,0
20027,20027,1,0,1
55091,55091,1,0,1
26109,26109,2,2,0
29229,29229,1,1,0
47083,47083,1,0,1
31051,31051,1,1,0
19043,19043,2,0,1
29103,29103,2,1,1
26079,26079,3,3,0
47041,47041,1,1,1
21053,21053,2,3,0
39111,39111,1,1,1
30041,30041,2,0,1
51065,51065,4,0,2
47067,47067,3,3,0
39027,39027,2,0,1
31023,31023,1,0,1
48489,48489,1,2,0
41057,41057,3,0,1
47161,47161,3,0,0
47091,47091,3,1,1
48487,48487,2,1,0
18169,18169,4,3,1
5029,5029,1,1,0
27135,27135,3,0,0
31145,31145,2,0,0
30017,30017,2,1,1
54085,54085,1,0,1
46009,46009,2,1,1
36097,36097,4,1,1
30097,30097,1,2,0
46097,46097,1,0,1
5097,5097,2,1,0
2016,2016,1,0,0
20185,20185,2,1,0
17039,17039,2,1,0
53043,53043,1,0,0
42113,42113,2,2,1
42031,42031,2,1,0
19175,19175,1,0,0
41069,41069,1,0,2
48429,48429,1,0,0
18131,18131,2,1,0
8065,8065,1,0,0
39069,39069,1,0,1
30009,30009,2,4,0
1057,1057,1,0,1
21057,21057,1,1,0
19071,19071,2,0,1
21139,21139,2,0,1
27085,27085,1,1,1
19069,19069,3,1,0
31029,31029,2,1,1
16003,16003,1,1,0
20205,20205,1,3,0
32015,32015,1,1,0
16015,16015,1,0,0
29177,29177,1,0,0
19025,19025,1,1,0
48289,48289,4,3,2
40141,40141,2,0,0
46037,46037,2,2,0
48137,48137,2,0,1
31123,31123,1,1,0
29063,29063,1,1,0
18111,18111,2,1,1
29186,29186,1,0,1
31049,31049,1,1,1
13111,13111,1,0,1
51530,51530,1,1,0
51187,51187,1,1,0
46085,46085,3,1,1
51175,51175,1,0,0
53059,53059,2,1,0
51159,51159,1,1,0
13265,13265,2,0,0
29089,29089,2,1,0
40043,40043,1,1,1
5039,5039,1,1,0
30055,30055,1,1,0
48267,48267,1,0,1
38073,38073,2,1,1
26011,26011,2,2,0
29005,29005,1,0,0
19197,19197,2,0,3
5113,5113,3,1,1
48283,48283,1,0,0
27023,27023,1,0,0
19007,19007,2,1,0
1133,1133,2,0,1
22021,22021,3,0,2
8113,8113,1,0,0
31155,31155,3,1,0
5127,5127,1,0,1
21055,21055,1,0,0
30059,30059,1,0,0
46067,46067,1,0,1
29151,29151,3,0,0
20135,20135,1,0,0
40057,40057,2,0,0
48285,48285,1,0,0
29205,29205,1,0,0
27165,27165,3,2,0
5077,5077,3,2,0
31159,31159,3,0,1
51017,51017,1,1,0
30027,30027,1,0,0
48239,48239,2,1,0
38045,38045,1,1,0
31089,31089,1,0,0
17065,17065,2,1,0
41037,41037,1,2,0
21187,21187,1,0,2
26069,26069,2,1,2
27075,27075,1,0,0
8063,8063,1,0,1
31083,31083,1,0,1
42023,42023,1,0,0
17131,17131,1,0,0
21201,21201,2,1,0
8027,8027,1,1,0
17175,17175,1,0,0
48171,48171,1,0,0
19073,19073,2,0,1
48255,48255,1,0,0
31041,31041,1,0,1
29111,29111,2,1,0
48411,48411,1,0,0
26113,26113,1,1,0
18125,18125,2,1,0
21041,21041,1,2,0
5017,5017,2,0,0
22023,22023,1,0,0
27057,27057,2,0,1
48307,48307,1,1,0
17005,17005,1,0,1
48109,48109,1,1,0
48483,48483,1,0,0
20127,20127,1,0,1
20023,20023,2,0,1
18155,18155,1,0,1
26001,26001,1,0,1
26085,26085,1,1,1
56027,56027,1,0,1
37043,37043,1,0,1
48101,48101,1,0,1
51037,51037,1,1,0
30051,30051,1,2,0
46057,46057,1,0,1
29211,29211,1,0,1
19023,19023,1,1,0
31003,31003,2,0,1
13307,13307,1,1,0
30095,30095,1,1,0
48377,48377,1,0,2
46137,46137,1,0,0
55051,55051,1,1,0
17173,17173,1,0,0
21105,21105,1,1,0
48155,48155,1,1,0
48385,48385,1,1,0
20065,20065,1,3,0
21191,21191,2,1,0
29123,29123,1,0,0
48035,48035,1,0,1
16063,16063,2,0,1
31125,31125,1,1,0
5109,5109,1,1,0
17059,17059,1,0,1
20197,20197,1,1,0
37075,37075,1,1,0
17079,17079,1,0,1
42093,42093,1,0,0
48421,48421,1,0,1
17045,17045,1,0,0
35011,35011,1,1,1
22035,22035,1,1,0
31081,31081,1,0,0
29061,29061,1,0,1
